frequency,variable,nonmissing,mean,sd,min,max
monthly,jk_pc1_hf,434,-0.009684521129032259,0.05840739292878239,-0.41762637,0.2433427
monthly,jk_SP500_hf,430,0.024004162790697666,0.45036172609431385,-1.76769,3.99301
monthly,jk_MP_pm,434,-0.007503181520737327,0.05522575724547132,-0.41762637,0.2433427
monthly,jk_CBI_pm,434,-0.0015398536635944703,0.015268232357368149,-0.10810874,0.10474734
monthly,jk_MP_median,434,-0.005950634032258065,0.04918659412453862,-0.34731509,0.1561151
monthly,jk_CBI_median,434,-0.0030924011520737328,0.025181139632537042,-0.11955367,0.13873239
monthly,ident_bp_u1,405,-0.7405889382716049,5.415947817482642,-45.97144,16.31941
monthly,ident_bp_u2,405,-0.030808987654320972,3.5802368912135747,-17.11541,16.88202
monthly,ident_bp_u3,405,-0.07357977777777774,2.2501538509854493,-29.86851,6.80671
monthly,ident_bp_u4,405,0.015543358024691352,1.351129809122933,-8.27915,13.760760000000001
monthly,ident_bp_event_count,405,0.7333333333333333,0.5611162848719617,0.0,4.0
monthly,ident_s_u1,405,-0.11288212345679012,0.8255085989332909,-7.00705,2.48743
monthly,ident_s_u2,405,-0.007293827160493824,0.8476020971373905,-4.05198,3.99673
monthly,ident_s_u3,405,-0.02789859259259259,0.853163460516588,-11.32488,2.58082
monthly,ident_s_u4,405,0.009130888888888886,0.7937252633040781,-4.86361,8.0838
monthly,ident_s_event_count,405,0.7333333333333333,0.5611162848719617,0.0,4.0
monthly,mps_STMT,387,-8.462940368589695e-18,0.03256341991536112,-0.2646161710354207,0.095464042297081
monthly,mps_PC,213,-2.2803876679507325e-18,0.0192681876764911,-0.1368594720885227,0.0898065179340842
monthly,mps_ME,387,-7.171983363211605e-18,0.03590668069755043,-0.2828643561706026,0.1037107200145419
monthly,mps_event_count,387,0.7131782945736435,0.5462135101758647,0.0,5.0
monthly,mps_minutes_MIN,256,-1.0842021724855044e-18,0.013386364861447321,-0.0571507313853403,0.0522123509716426
monthly,mps_minutes_event_count,256,0.66796875,0.47186465220442186,0.0,1.0
monthly,bs_m_MPS,431,-3.992681411064948e-18,0.056863830824564185,-0.4189830256554514,0.1925530633382949
monthly,bs_m_MPS_ORTH_x,431,-4.3790699347163945e-18,0.051862639068587194,-0.3779554215971662,0.1864789411129545
monthly,bs_m_NFP_SURP,300,0.024776666666666666,0.5967839912645566,-0.601,10.009
monthly,bs_m_NFP_12M,300,0.011631288507387752,0.022829066225793115,-0.1242430494642246,0.08638730978064757
monthly,bs_m_SP500_3M,300,0.018706842899715696,0.07108875660861462,-0.36540972516727255,0.16681783350692125
monthly,bs_m_SLOPE_3M,300,-0.04730000000000001,0.48882739018113985,-1.68,1.88
monthly,bs_m_BCOM_3M,300,0.011988264682041333,0.07776486452293037,-0.3787017492892746,0.23134495552148326
monthly,bs_m_TR_SKEW,300,0.12137826420289854,0.28719022929178223,-0.7765854347826088,0.7861597826086957
monthly,bs_fomc_Unscheduled,431,0.15777262180974477,0.5931223288800843,0.0,5.0
monthly,bs_fomc_FF1,243,-0.0015164609053497943,0.02223874347596991,-0.33949999999999997,0.023
monthly,bs_fomc_FF2,243,-0.001695473251028807,0.02014107938014799,-0.2805,0.0525
monthly,bs_fomc_ED1,431,-0.008330046403712297,0.058825092798809236,-0.56875,0.1825
monthly,bs_fomc_ED2,431,-0.008277262180974477,0.057617970330835676,-0.4425,0.17500000000000002
monthly,bs_fomc_ED3,431,-0.006676334106728539,0.057444768187463004,-0.3775,0.1775
monthly,bs_fomc_ED4,431,-0.006972389791183366,0.058955124467851124,-0.36,0.2425
monthly,bs_fomc_SP500,398,0.015020222062466669,0.5523107003275243,-5.6407,3.8105700000000002
monthly,bs_fomc_SP500 emini,345,0.03968389739130435,0.6014751753544856,-3.766,5.39566
monthly,bs_fomc_TNOTE02,403,-0.005539909456706173,0.047398519145541704,-0.2956698664440735,0.20491709250182502
monthly,bs_fomc_TNOTE05,426,-0.0038864171729533627,0.04490625699333562,-0.32853475523796943,0.2351162948090329
monthly,bs_fomc_TNOTE10,431,-0.0020887238012215854,0.034924868151847935,-0.29574281049855583,0.16362148546879596
monthly,bs_fomc_TBOND,431,-8.862651552118947e-05,0.030456917311798816,-0.31741161596694367,0.13800831492789398
monthly,bs_fomc_MPS,430,-1.290957005378089e-19,0.056929917692805,-0.4189718592418902,0.19255333564661636
monthly,bs_fomc_MPS_ORTH,422,5.787892545439204e-18,0.04693373594568024,-0.2394725252651965,0.18162651841620914
monthly,bs_fomc_NFP_SURP,431,14.05800464037123,504.41642207623977,-844.0,10009.0
monthly,bs_fomc_NFP_12M,431,1.0346808146091475,2.670359070798553,-12.42430494642246,21.9490320777469
monthly,bs_fomc_SP500_3M,431,0.011297041819110202,0.09342629652704351,-1.0602905950334582,0.42379184487513744
monthly,bs_fomc_SLOPE_3M,431,0.0011623376263623726,0.49717391625748125,-3.2306199223842516,2.5343404083849075
monthly,bs_fomc_BCOM_3M,431,0.006639513515099937,0.10153303965992902,-1.0036809110903828,0.39099262273668156
monthly,bs_fomc_TR_SKEW,431,0.1015910512550095,0.36484503591165285,-3.1966374545454546,2.0988409090909093
monthly,bs_fomc_event_count,431,0.8375870069605569,0.7962573653227907,0.0,7.0
monthly,usmpd_me_MP1,387,-0.007421609201638618,0.06258486994455272,-0.575000000000017,0.19255769230768494
monthly,usmpd_me_MP2,387,-0.005961310619115751,0.04193975725332344,-0.3898437499999948,0.1509999999999553
monthly,usmpd_me_FF1,387,-0.004192480620155444,0.03504296279567391,-0.3624999999999968,0.14
monthly,usmpd_me_FF2,387,-0.005399198966408467,0.04548168161260127,-0.425,0.16999999999998738
monthly,usmpd_me_OIS1Y,304,-0.0021792763157894727,0.036090584806646855,-0.2327500000000002,0.152
monthly,usmpd_me_OIS2Y,242,-0.004024586776859472,0.038513071888127366,-0.2514999999999989,0.1265
monthly,usmpd_me_UST2Y,387,-0.005380878108527117,0.05403000504428649,-0.3813,0.1937999999999998
monthly,usmpd_me_UST5Y,387,-0.006145088310077529,0.059314565903680505,-0.5838999999999998,0.1582999999999997
monthly,usmpd_me_UST10Y,387,-0.004046899467700254,0.04982792808621599,-0.5225,0.1162
monthly,usmpd_me_SP500,370,0.0029796054659448584,0.7639198920404017,-8.790149670807846,3.7573866296672573
monthly,usmpd_me_SPFUT,356,0.06342326093413954,0.6512702172951937,-2.53668966857809,4.135934021932846
monthly,usmpd_me_DXY,387,-0.021068410726265297,0.33980673464299604,-2.4771577265924796,1.109418373164611
monthly,usmpd_me_SEP,387,0.19121447028423771,0.39376661639078947,0.0,1.0
monthly,usmpd_me_Unscheduled,387,0.046511627906976744,0.3185247352856498,0.0,5.0
monthly,usmpd_me_PC,387,0.23772609819121446,0.43227677448312457,0.0,2.0
monthly,usmpd_me_event_count,387,0.7131782945736435,0.5462135101758647,0.0,5.0
monthly,bs_m_MPS_ORTH_y,28,-1.4283589192373316e-13,0.8961830620136579,-2.2652917688109997,1.6534360828270003
monthly,rr_resid_romer,39,-0.08936140085335445,0.9250906086117853,-2.268743551336229,1.6554864197969437
monthly,rr_resid_full,39,2.5372570141767845e-09,0.9216211230049199,-2.1261103032156825,1.8784849420189857
monthly,uk_Target,345,-0.0026138213247921148,0.05276188178018007,-0.5160356272130696,0.2260871653375677
monthly,uk_Path,345,-0.005511196028168714,0.0351034449249587,-0.1562697577034655,0.16595565893883243
monthly,uk_QE,345,-0.0026404631991753347,0.032023182961163535,-0.17650417790654616,0.1261701237679819
monthly,uk_event_count,345,1.2115942028985507,0.6369294601253721,0.0,2.0
quarterly,jk_pc1_hf,145,-0.028986773586206896,0.10613512067595697,-0.49403641000000004,0.20255837
quarterly,jk_SP500_hf,145,0.07118475862068964,0.74312950613257,-2.18295,3.39256
quarterly,jk_MP_pm,145,-0.02245779848275862,0.10025206627719342,-0.49403641000000004,0.2433427
quarterly,jk_CBI_pm,145,-0.004608941310344828,0.026608064918470193,-0.11856055,0.10474734
quarterly,jk_MP_median,145,-0.01781086324137931,0.08470276142273492,-0.37653038,0.17712881
quarterly,jk_CBI_median,145,-0.00925587655172414,0.04416646952114728,-0.17760301,0.09399472
quarterly,ident_bp_u1,135,-2.221766814814815,9.363736618515807,-46.143910000000005,26.15118
quarterly,ident_bp_u2,135,-0.09242696296296297,5.5786624235455875,-13.858889999999999,15.1691
quarterly,ident_bp_u3,135,-0.2207393333333334,3.9282806502775576,-27.97346,10.89644
quarterly,ident_bp_u4,135,0.04663007407407407,2.1504323805248324,-8.323459999999999,11.0791
quarterly,ident_bp_event_count,135,2.2,0.8177143244543994,1.0,8.0
quarterly,ident_s_u1,135,-0.3386463703703703,1.4272379610243577,-7.03333,3.9860100000000003
quarterly,ident_s_u2,135,-0.021881481481481484,1.3207181382120359,-3.28102,3.5912
quarterly,ident_s_u3,135,-0.0836957777777778,1.489438051785026,-10.60636,4.13147
quarterly,ident_s_u4,135,0.02739266666666668,1.2632777156608812,-4.889640000000001,6.50845
quarterly,ident_s_event_count,135,2.2,0.8177143244543994,1.0,8.0
quarterly,mps_STMT,130,-2.5193522481878552e-17,0.05471683589673785,-0.2942379211496471,0.1283802506707219
quarterly,mps_PC,118,-4.130994040249854e-18,0.027635621159410415,-0.20788898654308618,0.0808782114853298
quarterly,mps_ME,130,-2.3058478203753253e-17,0.06222871325891231,-0.31245114891169595,0.1398189504654789
quarterly,mps_event_count,130,2.123076923076923,0.5842292294010827,1.0,6.0
quarterly,mps_minutes_MIN,86,-3.1467077006090918e-18,0.02339178518542577,-0.0677941742938151,0.061706135501642397
quarterly,mps_minutes_event_count,86,1.9883720930232558,0.18750284995554087,1.0,3.0
quarterly,bs_m_MPS,144,-1.1564823173178714e-17,0.09978853371855322,-0.40534597476611184,0.2734728985715419
quarterly,bs_m_MPS_ORTH_x,144,-1.3877787807814457e-17,0.07894308169318254,-0.3466202198025136,0.22026591156967346
quarterly,bs_m_NFP_SURP,144,0.05161805555555557,0.8179992433915815,-0.646,9.408000000000001
quarterly,bs_m_NFP_12M,144,0.024231851057057816,0.047004068720123325,-0.2432892603124479,0.10244919843564304
quarterly,bs_m_SP500_3M,144,0.0389725893744077,0.12997688232560975,-0.5941766953918073,0.3888833306189836
quarterly,bs_m_SLOPE_3M,144,-0.0985416666666667,0.9286775082533573,-3.0700000000000003,4.1
quarterly,bs_m_BCOM_3M,144,0.024975551420919444,0.14545869584444554,-0.7520736150096159,0.5089934829373295
quarterly,bs_m_TR_SKEW,144,0.2528713837560386,0.5716830844617738,-1.2610862608695654,1.4660136086956523
quarterly,bs_fomc_Unscheduled,144,0.4722222222222222,1.3219208552234734,0.0,9.0
quarterly,bs_fomc_FF1,122,-0.0030204918032786885,0.03113509602867491,-0.33949999999999997,0.02
quarterly,bs_fomc_FF2,122,-0.003377049180327869,0.02737483246300745,-0.2705,0.0375
quarterly,bs_fomc_ED1,144,-0.02493229166666667,0.10132309680650206,-0.56375,0.2075
quarterly,bs_fomc_ED2,144,-0.024774305555555556,0.10386117061612646,-0.4375,0.195
quarterly,bs_fomc_ED3,144,-0.01998263888888889,0.1008614540509271,-0.3725,0.21
quarterly,bs_fomc_ED4,144,-0.020868750000000214,0.10050395495036175,-0.3575,0.2025
quarterly,bs_fomc_SP500,143,0.04180453413190023,0.9463743196758578,-6.3409699999999996,3.1691100000000003
quarterly,bs_fomc_SP500 emini,129,0.10613135348837209,0.9993899701850718,-4.48741,5.407063
quarterly,bs_fomc_TNOTE02,138,-0.016178141384439036,0.07686431877234293,-0.32712542721856336,0.20480233053280075
quarterly,bs_fomc_TNOTE05,142,-0.011659251518860088,0.07322851243528297,-0.32999865216971364,0.15917499683360686
quarterly,bs_fomc_TNOTE10,144,-0.006251666377267383,0.05778763736437102,-0.281465557820547,0.14876131705607418
quarterly,bs_fomc_TBOND,144,-0.00026526408465022685,0.05054362533486671,-0.2997425244950353,0.14072088859606435
quarterly,bs_fomc_MPS,144,3.854941057726238e-19,0.09978813855543818,-0.4053348700183342,0.2734725481586818
quarterly,bs_fomc_MPS_ORTH,143,1.552759475000219e-17,0.06844493944834716,-0.24817167413604707,0.1925096015387745
quarterly,bs_fomc_NFP_SURP,144,42.076388888888886,832.983720572807,-918.0,9408.0
quarterly,bs_fomc_NFP_12M,144,3.0968571603926573,6.456412718698721,-24.32892603124479,37.90984322023796
quarterly,bs_fomc_SP500_3M,144,0.03381267377803123,0.18941672596965795,-0.9737119931040974,0.691141662730387
quarterly,bs_fomc_SLOPE_3M,144,0.003478941090015132,1.1532704968511804,-5.585853078271657,4.153483262733057
quarterly,bs_fomc_BCOM_3M,144,0.01987243281255606,0.21412227978104195,-1.1801581217562287,0.6906474267241336
quarterly,bs_fomc_TR_SKEW,144,0.30406766035353533,0.859563847690795,-3.534343681818182,4.5112060000000005
quarterly,bs_fomc_event_count,144,2.5069444444444446,1.5419383305028114,1.0,12.0
quarterly,usmpd_me_MP1,130,-0.02209355970026266,0.09735324913524883,-0.4743377976190342,0.2607392857142857
quarterly,usmpd_me_MP2,130,-0.01774636315075228,0.07226278253861897,-0.466843749999983,0.14541554741550516
quarterly,usmpd_me_FF1,130,-0.012480692307693511,0.05888342685706887,-0.3599999999999991,0.14
quarterly,usmpd_me_FF2,130,-0.01607300000000059,0.06878342470527289,-0.4099999999999995,0.1399999999999863
quarterly,usmpd_me_OIS1Y,119,-0.005567226890756299,0.056855330622649414,-0.234499999999999,0.1245
quarterly,usmpd_me_OIS2Y,118,-0.008253813559321968,0.0622010986508006,-0.28149999999999886,0.1449999999999999
quarterly,usmpd_me_UST2Y,130,-0.016018460215384573,0.09340353403508174,-0.4097000000000009,0.18099999999999988
quarterly,usmpd_me_UST5Y,130,-0.018293455200000024,0.10310192864693346,-0.6131999999999999,0.23044999999999938
quarterly,usmpd_me_UST10Y,130,-0.0120473084153846,0.08555674480615273,-0.5465,0.16869999999999968
quarterly,usmpd_me_SP500,127,0.008680740333855146,1.2663460674267257,-9.0196943514519,3.609797538543687
quarterly,usmpd_me_SPFUT,126,0.17919588009963236,1.1004559552177127,-3.11706492422634,3.692034036280525
quarterly,usmpd_me_DXY,130,-0.06271903808511285,0.5746141567354373,-2.534231280134604,1.370911615309188
quarterly,usmpd_me_SEP,130,0.5692307692307692,0.56976074862509,0.0,2.0
quarterly,usmpd_me_Unscheduled,130,0.13846153846153847,0.5534086922698142,0.0,5.0
quarterly,usmpd_me_PC,130,0.7076923076923077,0.8485843555401552,0.0,3.0
quarterly,usmpd_me_event_count,130,2.123076923076923,0.5842292294010827,1.0,6.0
quarterly,bs_m_MPS_ORTH_y,28,-1.42838122282488e-13,0.8961830620136579,-2.2652917688109997,1.6534360828270003
quarterly,uk_Target,116,-0.007773865147011028,0.07296578711245529,-0.21666406592493273,0.2290934430066145
quarterly,uk_Path,116,-0.01639105715274316,0.05723528056600109,-0.23923605203044487,0.13762584565134972
quarterly,uk_QE,116,-0.007853101756168022,0.049390261196785405,-0.2457819811659407,0.10684081885607899
quarterly,uk_event_count,116,3.603448275862069,0.6168547196280787,1.0,5.0
quarterly,bs_m_MPS_ORTH,28,-1.42838122282488e-13,0.8961830620136579,-2.2652917688109997,1.6534360828270003
quarterly,rr_resid_romer,39,-0.08936140085335445,0.9250906086117853,-2.268743551336229,1.6554864197969437
quarterly,rr_resid_full,39,2.5372570141767845e-09,0.9216211230049199,-2.1261103032156825,1.8784849420189857
yearly,jk_pc1_hf,37,-0.11359681540540541,0.2905179640810721,-1.0768816300000001,0.38695820000000003
yearly,jk_SP500_hf,37,0.2789672972972973,1.7074204043342511,-3.60898,5.42874
yearly,jk_MP_pm,37,-0.08801029135135136,0.27597766628194875,-1.08218242,0.43763198999999997
yearly,jk_CBI_pm,37,-0.0180620672972973,0.06547147469035602,-0.31598816,0.051238309999999995
yearly,jk_MP_median,37,-0.06979932891891892,0.21774483343451403,-0.86189594,0.39800022
yearly,jk_CBI_median,37,-0.03627302972972973,0.11189140428736323,-0.38196015,0.10967257
yearly,ident_bp_u1,34,-8.82172117647059,24.557851137896847,-99.04969,30.228910000000003
yearly,ident_bp_u2,34,-0.3669894117647059,12.548650502666264,-21.81914,37.274190000000004
yearly,ident_bp_u3,34,-0.876465,6.285643512682111,-25.79136,9.91485
yearly,ident_bp_u4,34,0.18514882352941164,4.942866977465587,-16.637150000000002,10.04814
yearly,ident_bp_event_count,34,8.735294117647058,2.477887951210108,6.0,22.0
yearly,ident_s_u1,34,-1.3446252941176469,3.7431529887574526,-15.097339999999999,4.60754
yearly,ident_s_u2,34,-0.0868823529411765,2.9708271679797225,-5.16558,8.82447
yearly,ident_s_u3,34,-0.33232147058823525,2.38325311192322,-9.779,3.7592999999999996
yearly,ident_s_u4,34,0.10876499999999988,2.903701777577124,-9.77354,5.90281
yearly,ident_s_event_count,34,8.735294117647058,2.477887951210108,6.0,22.0
yearly,mps_STMT,33,-9.588289758126352e-17,0.1491719947439226,-0.667081199344419,0.1734893358496696
yearly,mps_PC,33,-1.4298326832293682e-17,0.05724708569978772,-0.1917097115270618,0.1567469742473914
yearly,mps_ME,33,-8.326672684688674e-17,0.15682815601785585,-0.7018218265282836,0.1686448118726637
yearly,mps_event_count,33,8.363636363636363,1.4962073264211628,3.0,13.0
yearly,mps_minutes_MIN,22,-1.4035489941994168e-17,0.03622281274492571,-0.0716022904026884,0.0705183366574045
yearly,mps_minutes_event_count,22,7.7727272727272725,1.3068252399583533,2.0,9.0
yearly,bs_m_MPS,36,-4.9343245538895844e-17,0.2668256476479508,-0.8173306282459232,0.7063702791933852
yearly,bs_m_MPS_ORTH_x,36,-5.551115123125783e-17,0.15520154067987776,-0.48617457760943056,0.38348575832602116
yearly,bs_m_NFP_SURP,36,0.20647222222222228,1.8704355411219238,-0.885,10.914000000000001
yearly,bs_m_NFP_12M,36,0.09692740422823126,0.1605715114533597,-0.45703300744261277,0.3461054088790476
yearly,bs_m_SP500_3M,36,0.1558903574976308,0.3654922947484592,-1.1016269386128892,0.5635080540199731
yearly,bs_m_SLOPE_3M,36,-0.3941666666666667,2.405091474351859,-4.540000000000001,7.3100000000000005
yearly,bs_m_BCOM_3M,36,0.09990220568367777,0.3125521797478674,-0.547051715652028,0.5942495402444816
yearly,bs_m_TR_SKEW,36,1.0114855350241545,1.9366982553360974,-3.372730695652174,5.532575695652174
yearly,bs_fomc_Unscheduled,36,1.8888888888888888,4.341018825626588,0.0,17.0
yearly,bs_fomc_FF1,36,-0.010236111111111109,0.058533688237887065,-0.3465,0.027
yearly,bs_fomc_FF2,36,-0.011444444444444445,0.05701062279181934,-0.3105,0.034999999999999996
yearly,bs_fomc_ED1,36,-0.09972916666666667,0.2886725862522651,-1.1955,0.4
yearly,bs_fomc_ED2,36,-0.09909722222222223,0.30130439803922177,-1.18,0.49
yearly,bs_fomc_ED3,36,-0.07993055555555556,0.272476398788639,-0.985,0.45499999999999996
yearly,bs_fomc_ED4,36,-0.08347500000000085,0.2502271760677824,-0.885,0.4124999999999923
yearly,bs_fomc_SP500,36,0.16605689946838142,1.6247132704759686,-4.459004999999999,3.6958710000000004
yearly,bs_fomc_SP500 emini,36,0.3803040166666667,1.812716590736077,-4.397417,6.3337367
yearly,bs_fomc_TNOTE02,36,-0.06201620864034964,0.18164928452238457,-0.7518300865896176,0.19937279816181758
yearly,bs_fomc_TNOTE05,36,-0.04598926987994813,0.14655079026855242,-0.3968332613222839,0.16466997901258382
yearly,bs_fomc_TNOTE10,36,-0.02500666550906953,0.10472420642300927,-0.2721891173680302,0.17075517186733366
yearly,bs_fomc_TBOND,36,-0.0010610563386009074,0.08516264247656884,-0.2025289440786941,0.16115417248246794
yearly,bs_fomc_MPS,36,-9.25185853854297e-18,0.2668255997276973,-0.8173342955462267,0.7063696672670994
yearly,bs_fomc_MPS_ORTH,36,6.553399798134605e-17,0.13240910884030366,-0.41547700096260287,0.23087184645638764
yearly,bs_fomc_NFP_SURP,36,168.30555555555554,1984.7149751386678,-2110.0,11306.0
yearly,bs_fomc_NFP_12M,36,12.387428641570628,21.722070297502437,-40.3490307488406,84.94840972686734
yearly,bs_fomc_SP500_3M,36,0.13525069511212492,0.49435454292765996,-1.6265950295068323,1.1691527225150358
yearly,bs_fomc_SLOPE_3M,36,0.013915764360060577,3.132652643586432,-5.506787343198427,9.008611421452738
yearly,bs_fomc_BCOM_3M,36,0.07948973125022424,0.38539013357897717,-0.8244751094318579,0.8098786609166453
yearly,bs_fomc_TR_SKEW,36,1.216270641414141,2.601689026608735,-3.527170318181819,9.045459272727273
yearly,bs_fomc_event_count,36,10.027777777777779,4.644419761459438,8.0,27.0
yearly,usmpd_me_MP1,33,-0.0870352351828529,0.2562125660463339,-1.1346616952014053,0.30301807359307364
yearly,usmpd_me_MP2,33,-0.06990991544235745,0.1958284693522165,-0.9464117826139015,0.10753205128211449
yearly,usmpd_me_FF1,33,-0.04916636363636837,0.1601958315004321,-0.7915000000000253,0.23001
yearly,usmpd_me_FF2,33,-0.06331787878788112,0.169453927694182,-0.7650000000000035,0.1649999999999918
yearly,usmpd_me_OIS1Y,33,-0.020075757575757566,0.07833986465356797,-0.2489999999999986,0.07375
yearly,usmpd_me_OIS2Y,33,-0.02951363636363613,0.09782171384137328,-0.43849999999999656,0.0718999999999998
yearly,usmpd_me_UST2Y,33,-0.06310302509090893,0.19385988209636182,-0.7167499999999996,0.224999428
yearly,usmpd_me_UST5Y,33,-0.07206512654545462,0.19993806652220786,-0.6576,0.2578499999999998
yearly,usmpd_me_UST10Y,33,-0.047459093757575704,0.14963097455227817,-0.5730999999999998,0.14999999999999952
yearly,usmpd_me_SP500,33,0.033407697648472776,2.2852289413738576,-8.040129166066542,4.450963983354938
yearly,usmpd_me_SPFUT,33,0.6842024512895054,2.0578932878421563,-3.607918964842181,5.956098791518105
yearly,usmpd_me_DXY,33,-0.24707499851711132,1.095063425089356,-3.3637445623837063,2.471211987840452
yearly,usmpd_me_SEP,33,2.242424242424242,1.9847906537954934,0.0,5.0
yearly,usmpd_me_Unscheduled,33,0.5454545454545454,1.2769815261709225,0.0,6.0
yearly,usmpd_me_PC,33,2.787878787878788,3.2954284220490186,0.0,9.0
yearly,usmpd_me_event_count,33,8.363636363636363,1.4962073264211628,3.0,13.0
yearly,bs_m_MPS_ORTH_y,28,-1.42838122282488e-13,0.8961830620136579,-2.2652917688109997,1.6534360828270003
yearly,uk_Target,30,-0.030058945235109318,0.12154694033508955,-0.40302731907955974,0.15137747138508856
yearly,uk_Path,30,-0.06337875432394022,0.12252392065889772,-0.4156251491953502,0.21818614006200562
yearly,uk_QE,30,-0.03036532679051634,0.09994028771689556,-0.34228164285310736,0.17691553131890814
yearly,uk_event_count,30,13.933333333333334,3.1286587776755774,2.0,16.0
yearly,bs_m_MPS_ORTH,28,-1.42838122282488e-13,0.8961830620136579,-2.2652917688109997,1.6534360828270003
yearly,rr_resid_romer,39,-0.08936140085335445,0.9250906086117853,-2.268743551336229,1.6554864197969437
yearly,rr_resid_full,39,2.5372570141767845e-09,0.9216211230049199,-2.1261103032156825,1.8784849420189857
