variable,family,aggregation_note
jk_pc1_hf,JK Fed MP/CBI,Monthly value; quarterly/yearly files aggregate by sum except updated RR Q/Y official files if detected.
jk_SP500_hf,JK Fed MP/CBI,Monthly value; quarterly/yearly files aggregate by sum except updated RR Q/Y official files if detected.
jk_MP_pm,JK Fed MP/CBI,Monthly value; quarterly/yearly files aggregate by sum except updated RR Q/Y official files if detected.
jk_CBI_pm,JK Fed MP/CBI,Monthly value; quarterly/yearly files aggregate by sum except updated RR Q/Y official files if detected.
jk_MP_median,JK Fed MP/CBI,Monthly value; quarterly/yearly files aggregate by sum except updated RR Q/Y official files if detected.
jk_CBI_median,JK Fed MP/CBI,Monthly value; quarterly/yearly files aggregate by sum except updated RR Q/Y official files if detected.
ident_bp_u1,Identkurto bp,Monthly value; quarterly/yearly files aggregate by sum except updated RR Q/Y official files if detected.
ident_bp_u2,Identkurto bp,Monthly value; quarterly/yearly files aggregate by sum except updated RR Q/Y official files if detected.
ident_bp_u3,Identkurto bp,Monthly value; quarterly/yearly files aggregate by sum except updated RR Q/Y official files if detected.
ident_bp_u4,Identkurto bp,Monthly value; quarterly/yearly files aggregate by sum except updated RR Q/Y official files if detected.
ident_bp_event_count,Identkurto bp,Monthly value; quarterly/yearly files aggregate by sum except updated RR Q/Y official files if detected.
ident_s_u1,Identkurto standardized,Monthly value; quarterly/yearly files aggregate by sum except updated RR Q/Y official files if detected.
ident_s_u2,Identkurto standardized,Monthly value; quarterly/yearly files aggregate by sum except updated RR Q/Y official files if detected.
ident_s_u3,Identkurto standardized,Monthly value; quarterly/yearly files aggregate by sum except updated RR Q/Y official files if detected.
ident_s_u4,Identkurto standardized,Monthly value; quarterly/yearly files aggregate by sum except updated RR Q/Y official files if detected.
ident_s_event_count,Identkurto standardized,Monthly value; quarterly/yearly files aggregate by sum except updated RR Q/Y official files if detected.
mps_STMT,USMPD MPS,Monthly value; quarterly/yearly files aggregate by sum except updated RR Q/Y official files if detected.
mps_PC,USMPD MPS,Monthly value; quarterly/yearly files aggregate by sum except updated RR Q/Y official files if detected.
mps_ME,USMPD MPS,Monthly value; quarterly/yearly files aggregate by sum except updated RR Q/Y official files if detected.
mps_event_count,USMPD MPS,Monthly value; quarterly/yearly files aggregate by sum except updated RR Q/Y official files if detected.
mps_minutes_MIN,USMPD MPS minutes,Monthly value; quarterly/yearly files aggregate by sum except updated RR Q/Y official files if detected.
mps_minutes_event_count,USMPD MPS minutes,Monthly value; quarterly/yearly files aggregate by sum except updated RR Q/Y official files if detected.
bs_m_MPS,other,Monthly value; quarterly/yearly files aggregate by sum except updated RR Q/Y official files if detected.
bs_m_MPS_ORTH_x,other,Monthly value; quarterly/yearly files aggregate by sum except updated RR Q/Y official files if detected.
bs_m_NFP_SURP,other,Monthly value; quarterly/yearly files aggregate by sum except updated RR Q/Y official files if detected.
bs_m_NFP_12M,other,Monthly value; quarterly/yearly files aggregate by sum except updated RR Q/Y official files if detected.
bs_m_SP500_3M,other,Monthly value; quarterly/yearly files aggregate by sum except updated RR Q/Y official files if detected.
bs_m_SLOPE_3M,other,Monthly value; quarterly/yearly files aggregate by sum except updated RR Q/Y official files if detected.
bs_m_BCOM_3M,other,Monthly value; quarterly/yearly files aggregate by sum except updated RR Q/Y official files if detected.
bs_m_TR_SKEW,other,Monthly value; quarterly/yearly files aggregate by sum except updated RR Q/Y official files if detected.
bs_fomc_Unscheduled,other,Monthly value; quarterly/yearly files aggregate by sum except updated RR Q/Y official files if detected.
bs_fomc_FF1,other,Monthly value; quarterly/yearly files aggregate by sum except updated RR Q/Y official files if detected.
bs_fomc_FF2,other,Monthly value; quarterly/yearly files aggregate by sum except updated RR Q/Y official files if detected.
bs_fomc_ED1,other,Monthly value; quarterly/yearly files aggregate by sum except updated RR Q/Y official files if detected.
bs_fomc_ED2,other,Monthly value; quarterly/yearly files aggregate by sum except updated RR Q/Y official files if detected.
bs_fomc_ED3,other,Monthly value; quarterly/yearly files aggregate by sum except updated RR Q/Y official files if detected.
bs_fomc_ED4,other,Monthly value; quarterly/yearly files aggregate by sum except updated RR Q/Y official files if detected.
bs_fomc_SP500,other,Monthly value; quarterly/yearly files aggregate by sum except updated RR Q/Y official files if detected.
bs_fomc_SP500 emini,other,Monthly value; quarterly/yearly files aggregate by sum except updated RR Q/Y official files if detected.
bs_fomc_TNOTE02,other,Monthly value; quarterly/yearly files aggregate by sum except updated RR Q/Y official files if detected.
bs_fomc_TNOTE05,other,Monthly value; quarterly/yearly files aggregate by sum except updated RR Q/Y official files if detected.
bs_fomc_TNOTE10,other,Monthly value; quarterly/yearly files aggregate by sum except updated RR Q/Y official files if detected.
bs_fomc_TBOND,other,Monthly value; quarterly/yearly files aggregate by sum except updated RR Q/Y official files if detected.
bs_fomc_MPS,other,Monthly value; quarterly/yearly files aggregate by sum except updated RR Q/Y official files if detected.
bs_fomc_MPS_ORTH,other,Monthly value; quarterly/yearly files aggregate by sum except updated RR Q/Y official files if detected.
bs_fomc_NFP_SURP,other,Monthly value; quarterly/yearly files aggregate by sum except updated RR Q/Y official files if detected.
bs_fomc_NFP_12M,other,Monthly value; quarterly/yearly files aggregate by sum except updated RR Q/Y official files if detected.
bs_fomc_SP500_3M,other,Monthly value; quarterly/yearly files aggregate by sum except updated RR Q/Y official files if detected.
bs_fomc_SLOPE_3M,other,Monthly value; quarterly/yearly files aggregate by sum except updated RR Q/Y official files if detected.
bs_fomc_BCOM_3M,other,Monthly value; quarterly/yearly files aggregate by sum except updated RR Q/Y official files if detected.
bs_fomc_TR_SKEW,other,Monthly value; quarterly/yearly files aggregate by sum except updated RR Q/Y official files if detected.
bs_fomc_event_count,other,Monthly value; quarterly/yearly files aggregate by sum except updated RR Q/Y official files if detected.
usmpd_me_MP1,USMPD raw monetary events,Monthly value; quarterly/yearly files aggregate by sum except updated RR Q/Y official files if detected.
usmpd_me_MP2,USMPD raw monetary events,Monthly value; quarterly/yearly files aggregate by sum except updated RR Q/Y official files if detected.
usmpd_me_FF1,USMPD raw monetary events,Monthly value; quarterly/yearly files aggregate by sum except updated RR Q/Y official files if detected.
usmpd_me_FF2,USMPD raw monetary events,Monthly value; quarterly/yearly files aggregate by sum except updated RR Q/Y official files if detected.
usmpd_me_OIS1Y,USMPD raw monetary events,Monthly value; quarterly/yearly files aggregate by sum except updated RR Q/Y official files if detected.
usmpd_me_OIS2Y,USMPD raw monetary events,Monthly value; quarterly/yearly files aggregate by sum except updated RR Q/Y official files if detected.
usmpd_me_UST2Y,USMPD raw monetary events,Monthly value; quarterly/yearly files aggregate by sum except updated RR Q/Y official files if detected.
usmpd_me_UST5Y,USMPD raw monetary events,Monthly value; quarterly/yearly files aggregate by sum except updated RR Q/Y official files if detected.
usmpd_me_UST10Y,USMPD raw monetary events,Monthly value; quarterly/yearly files aggregate by sum except updated RR Q/Y official files if detected.
usmpd_me_SP500,USMPD raw monetary events,Monthly value; quarterly/yearly files aggregate by sum except updated RR Q/Y official files if detected.
usmpd_me_SPFUT,USMPD raw monetary events,Monthly value; quarterly/yearly files aggregate by sum except updated RR Q/Y official files if detected.
usmpd_me_DXY,USMPD raw monetary events,Monthly value; quarterly/yearly files aggregate by sum except updated RR Q/Y official files if detected.
usmpd_me_SEP,USMPD raw monetary events,Monthly value; quarterly/yearly files aggregate by sum except updated RR Q/Y official files if detected.
usmpd_me_Unscheduled,USMPD raw monetary events,Monthly value; quarterly/yearly files aggregate by sum except updated RR Q/Y official files if detected.
usmpd_me_PC,USMPD raw monetary events,Monthly value; quarterly/yearly files aggregate by sum except updated RR Q/Y official files if detected.
usmpd_me_event_count,USMPD raw monetary events,Monthly value; quarterly/yearly files aggregate by sum except updated RR Q/Y official files if detected.
bs_m_MPS_ORTH_y,other,Monthly value; quarterly/yearly files aggregate by sum except updated RR Q/Y official files if detected.
rr_resid_romer,Updated Romer-Romer narrative,Monthly value; quarterly/yearly files aggregate by sum except updated RR Q/Y official files if detected.
rr_resid_full,Updated Romer-Romer narrative,Monthly value; quarterly/yearly files aggregate by sum except updated RR Q/Y official files if detected.
uk_Target,UKMPESD,Monthly value; quarterly/yearly files aggregate by sum except updated RR Q/Y official files if detected.
uk_Path,UKMPESD,Monthly value; quarterly/yearly files aggregate by sum except updated RR Q/Y official files if detected.
uk_QE,UKMPESD,Monthly value; quarterly/yearly files aggregate by sum except updated RR Q/Y official files if detected.
uk_event_count,UKMPESD,Monthly value; quarterly/yearly files aggregate by sum except updated RR Q/Y official files if detected.
