date,IPP_qi,HT_qi,EQP_qi,NRS_qi,RI_qi,D_qi,GDP,IPP_nom,HT_nom,EQP_nom,NRS_nom,RI_nom,D_nom,GDP_nom,DGS1_Q
1950-01-01,1.002,0.061,3.188,4.514,28.731,3.769,2346.104,2.181,1.607,15.13,,18.339,29.335,280.828,
1950-04-01,1.018,0.07,3.547,4.89,31.485,3.801,2417.682,2.239,1.822,17.114,,20.603,29.799,290.383,
1950-07-01,1.022,0.071,3.927,5.296,33.204,4.702,2511.127,2.298,1.878,19.343,,22.555,37.355,308.153,
1950-10-01,1.012,0.076,3.867,5.288,31.657,4.12,2559.214,2.328,2.056,19.609,,21.478,33.292,319.945,
1951-01-01,0.984,0.071,3.703,5.15,30.019,4.25,2593.967,2.289,1.979,19.383,,21.057,35.638,336.0,
1951-04-01,0.974,0.075,3.709,5.212,26.008,3.64,2638.898,2.301,2.106,19.672,,18.467,30.735,344.09,
1951-07-01,0.993,0.08,3.789,5.273,24.367,3.574,2693.259,2.365,2.251,20.198,,17.398,30.193,351.385,
1951-10-01,1.034,0.081,3.752,5.186,24.601,3.563,2699.156,2.482,2.261,20.242,,17.723,30.391,356.178,
1952-01-01,1.122,0.085,3.773,5.236,25.246,3.583,2727.954,2.684,2.399,20.418,,18.269,30.776,359.82,
1952-04-01,1.2,0.095,3.825,5.319,25.714,3.653,2733.8,2.869,2.641,20.821,,18.763,31.007,361.03,
1952-07-01,1.279,0.082,3.259,4.905,25.465,3.436,2753.517,3.071,2.241,17.671,,18.754,29.467,367.701,
1952-10-01,1.374,0.091,3.668,5.34,26.84,4.029,2843.941,3.307,2.439,19.867,,19.647,33.723,380.812,
1953-01-01,1.435,0.097,3.929,5.629,27.273,4.164,2896.811,3.486,2.625,21.245,,19.982,35.186,387.98,
1953-04-01,1.501,0.098,3.923,5.685,27.363,4.14,2919.206,3.66,2.681,21.306,,20.073,35.019,391.749,
1953-07-01,1.529,0.102,4.055,5.812,26.339,4.114,2902.785,3.74,2.811,22.125,,19.49,34.577,391.171,
1953-10-01,1.547,0.092,3.938,5.759,26.125,3.999,2858.845,3.783,2.547,21.446,,19.251,33.683,385.97,
1954-01-01,1.562,0.09,3.718,5.607,26.411,3.875,2845.192,3.842,2.457,20.57,,19.351,32.91,385.345,
1954-04-01,1.571,0.085,3.635,5.557,28.133,4.062,2848.305,3.859,2.349,20.424,,20.668,33.646,386.121,
1954-07-01,1.586,0.087,3.807,5.699,29.846,4.08,2880.482,3.896,2.402,21.131,,22.183,33.233,390.996,
1954-10-01,1.61,0.087,3.798,5.691,31.714,4.331,2936.852,3.956,2.488,21.123,,23.565,35.064,399.734,
1955-01-01,1.626,0.085,3.833,5.789,34.045,4.72,3020.746,4.062,2.396,21.144,,25.419,38.437,413.073,
1955-04-01,1.677,0.094,4.173,6.134,34.535,4.976,3069.91,4.201,2.619,23.119,,26.005,40.709,421.532,
1955-07-01,1.737,0.108,4.434,6.438,33.799,5.137,3111.379,4.378,3.025,25.01,,25.626,42.421,430.221,
1955-10-01,1.826,0.115,4.563,6.63,32.381,5.001,3130.068,4.633,3.232,26.28,,24.565,41.413,437.092,
1956-01-01,1.911,0.108,4.337,6.549,31.553,4.773,3117.922,4.915,3.123,25.442,,24.132,39.674,439.746,
1956-04-01,1.985,0.122,4.346,6.666,31.39,4.779,3143.694,5.16,3.39,25.92,,24.374,39.819,446.01,
1956-07-01,2.031,0.116,4.39,6.733,30.797,4.695,3140.874,5.334,3.432,26.822,,23.952,39.685,451.191,
1956-10-01,2.076,0.119,4.379,6.734,30.338,4.846,3192.57,5.489,3.476,27.188,,23.491,41.497,460.463,
1957-01-01,2.055,0.121,4.458,6.769,29.922,4.935,3213.011,5.492,3.644,28.203,,23.101,42.597,469.779,
1957-04-01,2.059,0.133,4.441,6.756,29.214,4.818,3205.97,5.536,3.968,28.112,,22.61,42.17,472.025,
1957-07-01,2.084,0.143,4.598,6.892,28.829,4.785,3237.386,5.636,4.285,29.334,,22.464,41.876,479.49,
1957-10-01,2.094,0.129,4.416,6.733,28.791,4.729,3203.894,5.678,4.031,28.595,,22.349,41.467,474.864,
1958-01-01,2.1,0.121,3.947,6.305,27.659,4.415,3120.724,5.76,3.696,25.526,18.037,21.37,39.396,467.54,
1958-04-01,2.13,0.113,3.745,6.073,27.758,4.347,3141.224,5.871,3.475,24.365,17.55,21.469,38.636,471.978,
1958-07-01,2.185,0.116,3.706,6.009,29.759,4.437,3213.884,6.04,3.564,24.136,17.219,23.017,39.396,485.841,
1958-10-01,2.261,0.121,3.906,6.234,32.856,4.6,3289.032,6.272,3.691,25.482,17.546,25.434,40.693,499.555,
1959-01-01,2.33,0.122,4.121,6.429,36.565,4.85,3352.129,6.469,3.752,27.077,17.421,28.348,43.649,510.33,
1959-04-01,2.371,0.125,4.245,6.614,37.842,5.032,3427.667,6.64,3.831,28.059,18.083,29.358,45.465,522.653,
1959-07-01,2.359,0.128,4.383,6.792,37.134,5.13,3430.057,6.659,3.949,29.118,18.712,28.801,46.336,525.034,
1959-10-01,2.377,0.14,4.374,6.773,36.082,4.884,3439.832,6.752,4.363,29.127,18.609,28.006,44.103,528.6,
1960-01-01,2.415,0.147,4.526,7.008,37.19,5.041,3517.181,6.874,4.516,30.089,19.438,28.954,45.455,542.648,
1960-04-01,2.446,0.156,4.602,7.111,34.145,5.156,3498.246,6.967,4.821,30.749,19.553,26.684,46.434,541.08,
1960-07-01,2.548,0.152,4.403,6.986,33.125,5.115,3515.385,7.276,4.668,29.471,19.512,25.892,45.922,545.604,
1960-10-01,2.605,0.163,4.248,6.97,33.09,4.987,3470.278,7.452,4.965,28.407,20.13,25.893,44.69,540.197,
1961-01-01,2.68,0.154,4.11,6.87,33.225,4.713,3493.703,7.675,4.675,27.408,20.05,25.914,42.24,545.018,
1961-04-01,2.766,0.169,4.307,7.024,33.357,4.81,3553.021,7.928,5.177,28.635,19.78,26.118,43.32,555.545,
1961-07-01,2.818,0.172,4.365,7.092,35.177,4.928,3621.252,8.102,5.187,28.944,19.84,27.55,44.58,567.664,
1961-10-01,2.85,0.177,4.628,7.308,36.374,5.167,3692.289,8.212,5.337,30.628,19.838,28.462,46.683,580.612,
1962-01-01,2.854,0.19,4.748,7.454,37.008,5.279,3758.147,8.225,5.667,31.401,20.261,29.01,47.702,594.013,3.202258064516129
1962-04-01,2.885,0.185,4.868,7.656,38.154,5.42,3792.149,8.33,5.522,32.197,21.071,29.906,49.047,600.366,3.0144444444444445
1962-07-01,2.918,0.181,4.885,7.751,38.124,5.46,3838.776,8.425,5.329,32.321,21.607,29.871,49.567,609.027,3.1877777777777774
1962-10-01,2.984,0.186,4.9,7.722,38.064,5.7,3851.421,8.615,5.424,32.304,21.166,29.785,51.546,612.28,2.9936065573770496
1963-01-01,3.081,0.199,4.99,7.74,39.407,5.814,3893.482,8.867,5.722,32.872,20.506,30.848,52.589,621.672,3.027868852459016
1963-04-01,3.187,0.211,5.09,7.981,42.233,5.939,3937.183,9.183,6.058,33.467,21.488,32.93,53.881,629.752,3.141746031746032
1963-07-01,3.244,0.221,5.31,8.2,43.041,6.012,4023.755,9.381,6.288,34.894,21.685,33.184,54.701,644.444,3.52609375
1963-10-01,3.283,0.223,5.518,8.44,44.392,6.107,4050.147,9.54,6.312,36.238,22.134,34.456,55.739,653.938,3.7268852459016393
1964-01-01,3.27,0.235,5.653,8.617,47.12,6.345,4135.553,9.542,6.647,37.146,22.678,36.237,57.995,669.822,3.8308196721311476
1964-04-01,3.302,0.239,5.77,8.818,44.775,6.51,4180.592,9.686,6.745,37.939,23.696,34.988,59.476,678.674,3.86140625
1964-07-01,3.363,0.24,5.974,9.102,44.059,6.725,4245.918,9.892,6.69,39.264,24.471,34.533,61.378,692.031,3.765625
1964-10-01,3.435,0.259,6.151,9.296,43.277,6.519,4259.046,10.111,7.212,40.39,25.011,34.644,59.377,697.319,3.933770491803279
1965-01-01,3.586,0.262,6.619,9.888,43.489,7.125,4362.111,10.546,7.268,43.542,26.283,34.768,64.915,717.79,4.012950819672131
1965-04-01,3.704,0.279,6.738,10.252,43.869,7.137,4417.225,10.92,7.626,44.296,28.249,35.102,64.818,730.191,4.018253968253968
1965-07-01,3.827,0.293,7.099,10.624,44.077,7.381,4515.427,11.327,8.07,46.825,28.571,35.258,66.7,749.323,4.08578125
1965-10-01,3.957,0.313,7.374,11.056,43.213,7.692,4619.458,11.746,8.395,48.457,30.414,35.523,69.126,771.857,4.4731147540983605
1966-01-01,4.093,0.339,7.78,11.52,44.297,8.058,4731.888,12.215,8.959,51.069,31.062,35.946,72.312,795.734,4.930634920634921
1966-04-01,4.214,0.365,8.054,11.709,40.851,7.736,4748.046,12.628,9.523,53.024,31.121,34.362,69.721,804.981,4.934285714285714
1966-07-01,4.328,0.385,8.09,11.864,39.494,7.99,4788.254,13.0,9.883,53.417,31.819,33.018,72.323,819.638,5.51921875
1966-10-01,4.437,0.402,8.206,11.863,35.351,7.987,4827.537,13.366,10.244,54.581,31.104,30.188,72.625,833.302,5.4365
1967-01-01,4.515,0.39,7.88,11.671,34.378,7.836,4870.299,13.618,9.954,52.713,31.523,29.389,71.102,844.17,4.5939344262295085
1967-04-01,4.547,0.394,7.965,11.643,38.341,8.172,4873.287,13.786,10.043,53.577,30.78,32.857,74.483,848.983,4.24953125
1967-07-01,4.625,0.387,7.856,11.623,40.38,8.107,4919.392,14.116,9.903,53.193,31.288,34.786,74.699,865.233,5.127301587301587
1967-10-01,4.706,0.412,8.106,11.857,42.719,8.128,4956.477,14.492,10.512,55.286,31.761,37.476,75.642,881.439,5.560819672131148
1968-01-01,4.793,0.419,8.415,12.206,42.845,8.633,5057.553,14.93,10.625,57.601,32.845,38.268,80.859,909.387,5.476129032258064
1968-04-01,4.915,0.412,8.212,12.056,43.891,8.817,5142.033,15.417,10.426,56.698,32.99,39.563,83.084,934.344,5.9514516129032256
1968-07-01,4.998,0.423,8.415,12.222,44.778,9.213,5181.859,15.796,10.69,58.581,33.061,40.394,87.545,950.825,5.51
1968-10-01,5.07,0.419,8.707,12.555,45.398,9.159,5202.212,16.187,10.643,61.233,34.589,42.572,87.826,968.03,5.83241935483871
1969-01-01,5.105,0.452,9.024,12.876,46.923,9.332,5283.597,16.51,11.515,63.689,35.609,44.906,90.011,993.337,6.362622950819672
1969-04-01,5.204,0.49,9.118,13.017,46.483,9.306,5299.625,17.006,12.492,64.691,36.489,45.13,90.448,1009.02,6.574285714285715
1969-07-01,5.242,0.522,9.237,13.313,46.115,9.28,5334.6,17.355,13.342,66.122,38.748,44.962,90.628,1029.956,7.652857142857143
1969-10-01,5.298,0.544,9.159,13.243,42.944,9.244,5308.556,17.736,13.939,66.149,39.237,42.503,90.844,1038.147,7.899180327868853
1970-01-01,5.272,0.559,9.094,13.15,42.969,9.102,5300.652,17.905,14.436,66.401,39.354,42.493,89.611,1051.2,7.55
1970-04-01,5.236,0.565,9.055,13.064,40.339,9.208,5308.164,17.948,14.622,66.748,40.203,41.365,91.006,1067.375,7.446769230769231
1970-07-01,5.2,0.544,9.111,13.109,42.666,9.241,5357.077,18.016,13.993,67.661,40.504,42.566,92.011,1086.059,6.940625
1970-10-01,5.116,0.555,8.63,12.66,46.965,8.627,5299.672,17.918,14.215,64.834,40.727,47.218,87.324,1088.608,5.6411475409836065
1971-01-01,5.121,0.546,8.776,12.764,49.403,9.553,5443.619,18.133,13.928,66.644,41.484,50.961,98.052,1135.156,4.034262295081967
1971-04-01,5.179,0.592,8.989,12.938,54.143,9.77,5473.059,18.456,14.957,68.69,42.333,56.974,100.989,1156.271,5.004126984126984
1971-07-01,5.246,0.605,9.052,12.995,56.632,10.031,5518.072,18.812,15.144,69.26,43.129,60.68,103.442,1177.675,5.75203125
1971-10-01,5.361,0.63,9.364,13.26,58.813,10.459,5531.032,19.312,15.672,71.642,43.781,63.995,107.302,1190.297,4.720819672131148
1972-01-01,5.48,0.664,9.719,13.683,62.651,10.698,5632.649,19.923,16.428,74.881,45.803,69.156,110.704,1230.609,4.413015873015873
1972-04-01,5.573,0.663,9.94,13.906,63.838,10.967,5760.47,20.424,16.308,76.946,46.628,70.824,114.066,1266.369,4.8409375
1972-07-01,5.619,0.679,10.178,14.11,64.12,11.249,5814.854,20.763,16.658,78.938,47.334,72.36,117.591,1290.566,5.148888888888889
1972-10-01,5.693,0.705,10.957,14.786,66.386,11.845,5912.22,21.197,17.309,84.78,49.003,77.257,123.416,1328.904,5.437833333333333
1973-01-01,5.759,0.749,11.561,15.406,68.603,12.599,6058.544,21.704,18.588,89.808,51.297,80.925,131.812,1377.49,6.317903225806451
1973-04-01,5.842,0.786,12.095,15.979,65.048,12.45,6124.506,22.326,19.602,94.897,54.003,78.707,131.295,1413.887,7.016666666666667
1973-07-01,5.907,0.811,12.244,16.225,62.259,12.34,6092.301,22.961,20.064,96.85,56.75,77.932,130.8,1433.838,8.522380952380951
1973-10-01,5.982,0.866,12.441,16.347,59.436,12.051,6150.131,23.735,21.184,98.693,57.618,75.723,128.201,1476.289,7.414
1974-01-01,5.995,0.885,12.451,16.33,55.571,11.769,6097.258,24.388,21.567,100.032,58.876,72.438,126.652,1491.209,7.378852459016394
1974-04-01,6.02,0.883,12.428,16.302,53.328,11.832,6111.751,25.11,21.934,102.376,61.2,71.157,130.583,1530.056,8.693015873015872
1974-07-01,6.078,0.944,12.488,16.136,51.542,11.901,6053.978,25.983,23.883,107.085,61.282,70.949,136.324,1560.026,9.015
1974-10-01,6.077,0.963,11.98,15.712,44.831,10.768,6030.464,26.585,24.894,107.77,63.046,63.324,127.148,1599.679,7.676065573770492
1975-01-01,6.041,0.918,11.109,14.815,42.301,10.998,5957.035,26.942,24.282,104.513,61.533,61.197,131.787,1616.116,6.3355
1975-04-01,6.006,0.881,10.878,14.459,43.493,11.212,5999.61,27.285,23.627,105.582,60.284,63.959,136.692,1651.853,6.5328125
1975-07-01,6.093,0.875,11.014,14.613,46.36,11.912,6102.326,28.006,23.476,108.527,61.159,68.772,146.788,1709.82,7.51515625
1975-10-01,6.246,0.879,11.178,14.788,48.346,12.258,6184.53,29.01,23.638,111.84,61.928,73.005,153.392,1761.831,6.695245901639344
1976-01-01,6.509,0.911,11.323,15.104,52.93,12.871,6323.649,30.379,24.606,115.026,64.005,80.441,163.297,1820.487,5.985806451612904
1976-04-01,6.683,0.979,11.536,15.305,54.235,12.929,6370.025,31.636,26.525,118.315,64.995,84.847,165.9,1852.332,6.2838095238095235
1976-07-01,6.854,1.047,11.851,15.64,53.388,13.076,6404.895,32.845,28.327,123.099,66.614,84.874,169.845,1886.558,6.015625
1976-10-01,6.984,1.138,12.185,15.942,59.85,13.283,6451.177,33.897,30.589,128.525,67.73,96.888,175.455,1934.273,5.2159016393442625
1977-01-01,7.062,1.163,12.968,16.523,61.63,13.785,6527.703,34.546,31.373,139.0,69.581,102.213,183.931,1988.648,5.420634920634921
1977-04-01,7.179,1.233,13.299,16.979,68.392,14.111,6654.466,35.478,33.094,144.64,73.399,116.485,189.223,2055.909,5.7
1977-07-01,7.252,1.29,13.63,17.318,68.189,14.319,6774.457,36.249,34.181,150.611,76.131,119.982,193.992,2118.473,6.291428571428572
1977-10-01,7.32,1.386,14.276,17.845,67.381,14.62,6774.592,36.997,36.106,160.407,78.265,122.235,200.706,2164.27,6.9591666666666665
1978-01-01,7.378,1.472,14.48,18.001,68.009,14.232,6796.26,37.796,37.969,164.61,79.724,126.921,198.168,2202.76,7.3091803278688525
1978-04-01,7.601,1.626,15.616,19.396,71.263,15.293,7058.92,39.41,41.675,179.682,89.908,136.976,216.187,2331.633,7.79984126984127
1978-07-01,7.806,1.723,15.918,20.054,72.085,15.087,7129.915,41.063,43.846,185.477,98.195,142.302,216.74,2395.053,8.44111111111111
1978-10-01,8.074,1.816,16.344,20.702,71.949,15.206,7225.75,43.164,45.878,192.766,105.167,145.84,222.299,2476.949,9.804262295081966
1979-01-01,8.36,1.899,16.931,21.178,70.202,15.026,7238.727,45.386,48.089,203.43,107.601,145.262,223.278,2526.61,10.304354838709678
1979-04-01,8.546,1.926,16.687,21.158,68.964,14.686,7246.454,47.239,48.806,204.185,112.579,147.625,222.101,2591.247,9.93483870967742
1979-07-01,8.725,2.028,17.054,21.783,68.123,15.096,7300.281,49.074,51.004,212.114,121.552,150.488,230.932,2667.565,10.128730158730159
1979-10-01,8.832,2.141,16.789,21.843,65.4,14.707,7318.535,50.574,53.496,212.49,127.993,147.99,229.049,2723.883,12.276065573770492
1980-01-01,8.958,2.239,16.913,22.081,60.367,14.476,7341.557,52.314,56.26,219.621,132.267,140.171,232.055,2789.842,13.90241935483871
1980-04-01,8.951,2.268,15.703,21.06,49.174,12.914,7190.289,53.279,57.197,209.102,132.048,116.864,211.917,2797.352,10.281587301587301
1980-07-01,9.019,2.392,15.82,21.198,50.684,13.487,7181.743,54.706,60.617,215.242,135.58,123.21,225.363,2856.483,10.11359375
1980-10-01,9.249,2.421,16.049,21.641,55.412,13.898,7315.677,57.117,61.665,221.582,143.91,137.835,236.23,2985.557,13.815245901639345
1981-01-01,9.704,2.541,16.48,22.081,54.057,14.293,7459.022,61.048,65.433,231.96,149.89,137.601,246.047,3124.206,14.092622950819672
1981-04-01,9.928,2.624,16.618,22.53,52.335,13.736,7403.745,63.536,67.977,238.318,160.914,135.265,240.936,3162.532,15.104603174603175
1981-07-01,10.118,2.739,16.997,23.053,48.273,14.154,7492.405,65.76,70.884,246.606,169.634,126.228,251.925,3260.609,16.310625
1981-10-01,10.367,2.872,16.788,23.59,43.233,13.138,7410.768,68.745,74.181,246.525,188.357,114.834,236.844,3280.818,13.591147540983606
1982-01-01,10.53,2.962,16.405,23.097,40.739,13.558,7295.631,70.637,76.486,242.825,186.445,109.701,246.439,3274.302,14.301639344262295
1982-04-01,10.633,2.808,15.714,22.377,39.422,13.608,7328.912,72.185,73.394,235.435,182.232,107.717,249.226,3331.972,13.807460317460318
1982-07-01,10.711,2.828,15.407,21.734,39.384,13.718,7300.896,73.5,74.168,232.297,172.706,108.433,252.107,3366.322,11.833125
1982-10-01,10.718,2.766,15.116,21.359,42.503,14.344,7303.817,74.374,72.825,228.891,168.048,117.54,264.356,3402.561,9.120000000000001
1983-01-01,10.915,2.978,15.011,21.04,49.811,14.489,7400.066,76.435,77.282,227.091,158.489,138.473,268.908,3473.413,8.866507936507936
1983-04-01,11.271,3.198,15.766,21.332,55.611,15.546,7568.456,79.369,81.602,237.585,149.465,155.0,289.584,3578.848,9.19095238095238
1983-07-01,11.662,3.349,16.656,22.23,61.041,16.143,7719.746,82.913,84.285,249.81,152.598,171.101,302.362,3689.179,10.3028125
1983-10-01,12.108,3.675,18.118,23.574,63.618,16.939,7880.794,86.654,91.564,271.388,156.608,179.877,319.27,3794.706,9.953333333333335
1984-01-01,12.489,3.799,18.434,24.324,65.524,17.578,8034.847,90.132,93.322,275.598,165.649,186.425,331.439,3908.054,10.188870967741936
1984-04-01,12.883,4.1,19.344,25.458,66.669,17.986,8173.67,93.516,99.555,288.951,175.658,191.299,341.269,4009.601,11.56047619047619
1984-07-01,13.231,4.302,19.95,26.239,65.889,17.992,8252.465,96.775,103.28,297.338,182.332,190.872,342.075,4084.25,11.816984126984128
1984-10-01,13.632,4.556,20.538,26.856,65.954,18.576,8320.199,99.77,108.553,305.614,185.254,192.86,353.84,4148.551,10.04704918032787
1985-01-01,13.832,4.491,20.356,27.157,66.111,19.221,8400.82,101.93,105.85,302.612,194.495,194.219,368.007,4230.168,9.398333333333333
1985-04-01,14.116,4.622,20.8,27.546,66.67,19.45,8474.787,104.31,107.651,309.543,194.824,196.306,373.251,4294.887,8.48047619047619
1985-07-01,14.305,4.551,20.513,27.233,67.912,20.695,8604.22,106.129,104.832,306.093,192.087,201.422,396.451,4386.773,7.986031746031746
1985-10-01,14.684,4.734,20.896,27.726,69.393,19.982,8668.188,108.937,108.014,313.379,195.357,208.359,383.752,4444.094,7.856451612903226
1986-01-01,14.936,4.82,20.688,27.451,72.211,20.39,8749.127,111.076,108.245,310.777,191.358,219.534,391.626,4507.894,7.458833333333333
1986-04-01,15.171,4.957,20.944,26.894,76.359,21.11,8788.524,112.988,110.979,317.524,174.26,234.559,407.291,4545.34,6.6046875
1986-07-01,15.32,4.881,20.822,26.585,77.403,22.911,8872.601,114.328,110.465,318.616,168.804,240.887,445.707,4607.669,5.99515625
1986-10-01,15.477,5.092,21.058,26.842,77.613,22.548,8920.193,115.78,114.904,323.862,170.686,244.268,441.133,4657.627,5.7979032258064525
1987-01-01,15.577,4.973,20.331,26.208,77.48,21.211,8986.367,117.022,110.317,312.608,166.699,246.672,418.497,4722.156,5.92655737704918
1987-04-01,15.701,5.072,20.925,26.736,77.746,22.08,9083.256,118.611,110.547,320.184,169.342,249.693,439.101,4806.16,6.764444444444445
1987-07-01,15.883,5.312,21.478,27.479,77.104,22.993,9162.024,120.811,114.029,327.084,177.308,249.969,460.541,4884.555,7.1185937500000005
1987-10-01,16.134,5.259,21.079,27.445,77.23,22.372,9319.332,124.02,113.876,323.803,182.448,252.825,449.949,5007.994,7.251612903225807
1988-01-01,16.373,5.386,21.738,27.664,75.855,23.43,9367.502,127.272,116.924,335.612,178.329,250.115,470.439,5073.372,6.771612903225806
1988-04-01,16.667,5.639,22.279,28.283,76.794,23.439,9490.594,130.383,120.918,344.833,183.765,255.51,473.223,5190.036,7.305873015873016
1988-07-01,17.038,5.722,22.519,28.46,76.839,23.133,9546.206,133.738,121.949,349.142,183.044,257.495,470.389,5282.835,8.015
1988-10-01,17.714,5.759,22.806,28.856,77.336,23.732,9673.405,139.304,123.232,357.678,184.177,261.681,486.162,5399.509,8.533442622950819
1989-01-01,18.182,5.903,23.078,29.318,76.588,23.627,9771.725,143.602,126.43,363.359,189.004,260.884,486.451,5511.253,9.300163934426228
1989-04-01,18.658,6.173,23.575,29.715,74.187,23.942,9846.293,147.8,131.03,371.633,189.182,255.792,493.344,5612.463,8.9134375
1989-07-01,19.176,6.305,24.038,30.47,73.844,24.484,9919.228,152.349,133.143,381.049,197.401,255.498,505.638,5695.365,8.103809523809524
1989-10-01,19.713,6.314,23.381,30.163,72.275,23.74,9938.767,156.716,132.267,372.601,197.789,251.884,491.885,5747.237,7.829516129032259
1990-01-01,20.122,6.359,23.489,30.55,72.915,24.742,10047.386,160.336,132.111,376.407,203.944,256.004,515.394,5872.701,8.131451612903225
1990-04-01,20.472,6.25,22.774,30.152,70.04,23.924,10083.855,163.822,129.184,365.729,204.426,246.896,498.407,5960.028,8.270952380952382
1990-07-01,20.559,6.165,23.1,30.365,66.274,23.682,10090.569,165.274,127.621,373.622,205.39,234.507,493.57,6015.116,7.828253968253969
1990-10-01,20.94,6.255,22.758,29.888,62.45,23.03,9998.704,168.27,129.348,371.807,197.415,221.268,480.947,6004.733,7.313064516129033
1991-01-01,21.284,6.092,21.94,29.289,59.159,22.395,9951.916,173.592,125.627,361.307,194.877,210.289,471.691,6035.178,6.441999999999999
1991-04-01,21.764,6.259,21.799,29.141,60.98,22.508,10029.51,178.74,127.774,358.16,189.907,217.788,475.248,6126.862,6.23796875
1991-07-01,21.841,6.496,22.131,28.89,63.042,22.854,10080.195,180.096,130.475,362.57,177.597,226.483,484.336,6205.937,5.89515625
1991-10-01,22.441,6.692,22.027,28.874,64.289,22.481,10115.329,184.088,132.939,361.361,172.328,230.055,477.456,6264.54,4.873870967741936
1992-01-01,22.724,6.783,21.853,28.761,67.966,23.363,10236.435,184.22,134.509,360.058,170.081,242.362,496.18,6363.102,4.364354838709677
1992-04-01,23.011,7.188,23.115,29.691,70.292,23.526,10347.429,186.534,140.378,379.543,170.755,253.159,500.989,6470.763,4.217777777777778
1992-07-01,23.149,7.62,23.639,30.145,70.321,24.028,10449.673,187.864,147.275,387.626,173.118,255.113,512.092,6566.641,3.42015625
1992-10-01,23.528,7.667,24.509,30.935,73.006,24.505,10558.648,192.052,146.106,399.564,176.683,268.331,523.064,6680.803,3.5638709677419356
1993-01-01,23.824,7.897,24.974,31.242,73.056,24.743,10576.275,194.289,148.843,406.612,175.616,271.401,527.852,6729.459,3.4003278688524587
1993-04-01,24.064,8.065,25.974,31.856,74.031,25.546,10637.847,196.707,149.674,421.532,174.118,278.005,547.842,6808.939,3.384126984126984
1993-07-01,24.199,8.58,26.273,32.113,76.801,25.831,10688.606,197.364,157.05,424.98,175.907,290.939,556.638,6882.098,3.42515625
1993-10-01,24.205,8.737,27.72,33.271,80.739,26.452,10833.987,199.29,157.746,447.438,182.808,306.889,573.796,7013.738,3.528709677419355
1994-01-01,24.432,9.019,28.506,33.623,81.945,27.082,10939.116,200.418,161.977,461.783,178.423,315.598,588.824,7115.652,3.929677419354839
1994-04-01,24.782,9.248,28.678,34.147,84.596,27.374,11087.361,203.094,164.715,465.422,186.846,327.929,598.721,7246.931,5.14483870967742
1994-07-01,25.254,9.538,29.422,34.73,83.35,27.662,11152.176,207.55,167.593,476.463,187.843,326.427,609.31,7331.075,5.60125
1994-10-01,25.6,10.063,31.193,36.085,82.067,28.634,11279.932,211.758,173.554,501.851,193.112,325.435,631.83,7455.288,6.605737704918033
1995-01-01,25.916,10.662,32.787,37.419,80.203,28.041,11319.951,218.158,181.281,525.294,200.859,321.787,621.252,7522.289,6.712580645161291
1995-04-01,26.515,11.274,32.736,37.777,77.731,28.326,11353.721,224.004,189.14,525.398,207.019,313.451,626.914,7580.997,5.954444444444444
1995-07-01,27.046,11.455,32.795,38.018,80.609,29.125,11450.31,230.385,187.941,524.84,209.92,326.393,642.543,7683.125,5.66015873015873
1995-10-01,27.717,12.209,33.723,38.755,82.175,29.63,11528.067,234.849,195.109,536.979,209.803,334.645,652.242,7772.586,5.445645161290322
1996-01-01,28.603,12.919,34.569,39.737,84.313,29.952,11614.418,243.422,200.461,546.017,213.774,344.725,659.825,7868.468,5.126935483870968
1996-04-01,29.315,13.492,35.581,40.796,87.989,30.905,11808.14,249.817,202.191,556.858,219.149,361.399,676.332,8032.84,5.656875
1996-07-01,30.17,14.164,37.008,42.079,87.805,31.126,11914.063,256.663,207.72,577.0,224.552,364.315,679.382,8131.408,5.78203125
1996-10-01,31.083,14.514,37.459,43.147,86.807,31.732,12037.775,263.31,208.299,581.359,237.981,361.806,689.641,8259.771,5.484677419354839
1997-01-01,32.539,15.162,38.192,44.149,87.251,32.591,12115.472,277.134,211.934,587.506,241.643,365.359,705.591,8362.655,5.645833333333333
1997-04-01,33.213,16.052,39.458,45.066,88.472,32.487,12317.221,284.625,218.676,602.318,241.651,372.277,696.587,8518.825,5.85203125
1997-07-01,34.054,17.377,41.574,47.048,89.329,33.935,12471.01,292.246,230.481,630.464,254.621,378.952,722.779,8662.823,5.5434375
1997-10-01,34.94,17.852,41.476,47.349,90.272,34.801,12577.495,297.85,230.087,623.149,255.96,385.754,737.161,8765.907,5.480967741935483
1998-01-01,35.865,19.306,43.646,48.886,92.143,35.082,12703.742,304.884,238.572,645.754,260.473,394.846,737.702,8866.48,5.31672131147541
1998-04-01,36.794,20.201,44.916,50.538,95.336,36.855,12821.339,312.308,240.28,655.875,277.29,411.33,769.238,8969.699,5.408730158730159
1998-07-01,37.986,20.696,45.599,51.337,98.124,37.902,12982.752,322.424,237.573,658.429,278.93,427.55,785.044,9121.097,5.095625
1998-10-01,38.942,21.984,47.626,52.834,100.428,40.14,13191.67,332.888,243.998,680.0,280.361,441.503,825.189,9293.991,4.386129032258064
1999-01-01,40.016,23.277,49.03,54.005,100.815,40.227,13315.597,343.185,250.787,695.097,281.64,447.363,819.948,9411.682,4.673606557377049
1999-04-01,41.554,25.039,50.773,55.438,102.385,42.151,13426.748,358.762,262.144,712.119,280.625,459.27,854.805,9526.21,4.87953125
1999-07-01,43.252,26.046,52.492,57.026,103.154,43.161,13604.771,373.368,266.149,728.141,282.482,466.625,871.191,9686.626,5.1609375
1999-10-01,44.139,25.885,52.152,57.279,103.907,43.678,13827.98,385.194,259.955,719.148,287.885,473.806,876.329,9900.169,5.615806451612904
2000-01-01,45.553,28.154,54.507,59.378,104.422,46.115,13878.147,400.258,279.456,749.4,297.338,484.243,920.875,10002.179,6.188888888888888
2000-04-01,46.109,30.023,56.521,61.232,103.886,45.263,14130.908,408.567,293.504,773.952,312.535,486.613,901.931,10247.72,6.21968253968254
2000-07-01,46.375,30.883,56.716,61.898,102.271,46.032,14145.312,414.719,298.379,774.005,326.917,483.08,911.658,10318.165,6.132857142857143
2000-10-01,47.037,31.918,56.61,62.131,102.376,46.351,14229.765,421.81,303.843,766.993,331.981,487.792,915.823,10435.744,5.9070967741935485
2001-01-01,47.197,31.72,56.178,61.575,102.818,47.113,14183.12,421.815,291.335,751.676,327.427,496.716,926.811,10470.231,4.591612903225807
2001-04-01,46.956,29.999,53.845,60.301,104.412,47.072,14271.694,418.696,269.716,716.017,334.28,511.008,919.479,10599.0,3.774920634920635
2001-07-01,46.767,28.866,52.445,59.588,105.063,47.612,14214.516,413.087,253.728,692.401,329.731,522.446,923.888,10598.02,3.3409836065573773
2001-10-01,46.068,28.942,52.231,57.876,104.388,51.58,14253.574,406.561,248.938,685.974,311.688,522.064,995.882,10660.465,2.245483870967742
2002-01-01,45.908,28.429,51.015,56.488,107.811,51.017,14372.785,404.11,241.778,667.253,297.893,538.339,976.249,10783.5,2.318166666666667
2002-04-01,46.383,28.206,50.767,55.851,110.485,51.337,14460.848,405.991,237.735,661.929,284.831,554.846,977.397,10887.46,2.34671875
2002-07-01,46.711,29.116,51.253,55.669,110.809,52.877,14519.633,409.328,237.824,661.341,274.096,558.88,1001.72,10984.04,1.8140625
2002-10-01,46.497,28.58,50.277,54.92,112.802,52.394,14537.58,405.46,229.604,648.036,273.698,578.313,986.105,11061.433,1.5337096774193548
2003-01-01,47.19,29.762,50.46,55.192,114.88,52.443,14614.141,409.186,233.729,644.287,274.975,601.444,974.533,11174.129,1.300327868852459
2003-04-01,47.652,30.674,52.448,56.719,116.71,54.824,14743.567,414.712,235.908,665.224,282.351,612.032,1007.819,11312.766,1.1526984126984128
2003-07-01,48.611,33.245,54.161,57.921,123.399,57.25,14988.782,423.514,245.965,680.669,283.19,651.745,1041.776,11566.669,1.21921875
2003-10-01,49.182,35.272,55.114,58.65,127.072,58.077,15162.76,427.212,255.085,692.293,287.242,683.107,1047.074,11772.234,1.2964516129032257
2004-01-01,49.273,35.192,54.408,58.07,128.549,59.092,15248.68,427.726,251.648,681.801,286.809,706.197,1064.229,11923.447,1.2214516129032258
2004-04-01,49.745,36.155,56.73,59.522,132.624,59.246,15366.85,431.184,256.486,713.497,294.729,743.16,1065.972,12112.815,1.7754838709677419
2004-07-01,51.089,36.757,58.698,61.223,133.57,60.775,15512.619,442.307,256.729,734.204,307.175,763.611,1085.046,12305.307,2.075
2004-10-01,52.005,37.171,60.498,62.48,135.413,61.924,15670.88,450.058,258.359,758.084,316.128,786.299,1107.05,12527.214,2.472741935483871
2005-01-01,53.265,38.176,61.051,63.387,138.61,62.219,15844.727,462.2,262.133,768.581,329.467,815.285,1109.964,12767.286,3.0724590163934424
2005-04-01,54.152,39.167,62.572,64.412,141.169,63.875,15922.782,471.979,263.532,786.904,336.421,843.801,1137.918,12922.656,3.33734375
2005-07-01,54.912,41.111,64.846,65.755,142.716,65.125,16047.587,479.083,270.228,808.296,346.762,875.593,1151.814,13142.642,3.79109375
2005-10-01,54.679,42.363,65.745,66.263,142.436,63.175,16136.734,479.272,271.967,815.793,363.995,890.206,1114.745,13324.204,4.288524590163934
2006-01-01,55.358,45.517,68.667,68.485,141.101,65.684,16353.835,487.552,286.721,850.152,387.407,896.218,1154.128,13599.16,4.640322580645161
2006-04-01,56.313,45.847,69.455,69.683,134.041,65.711,16396.151,496.662,284.925,857.64,409.357,859.339,1149.249,13753.424,5.021428571428571
2006-07-01,58.094,47.288,70.016,70.878,126.62,66.652,16420.738,512.716,291.614,867.41,424.617,814.718,1160.532,13870.188,5.091111111111111
2006-10-01,59.753,47.447,70.39,71.629,120.729,67.592,16561.866,528.399,290.69,873.929,435.798,782.381,1169.422,14039.56,4.988225806451613
2007-01-01,60.26,50.651,71.37,72.919,115.289,68.501,16611.69,536.152,307.171,886.253,457.554,750.889,1179.022,14215.651,5.0075806451612905
2007-04-01,60.666,51.476,72.362,74.537,110.746,69.22,16713.314,541.758,308.172,897.845,484.892,719.274,1185.692,14402.082,4.93421875
2007-07-01,60.875,53.205,72.731,75.706,103.707,70.067,16809.587,544.679,309.266,896.02,512.206,673.671,1191.859,14564.117,4.535079365079365
2007-10-01,62.162,56.611,73.162,76.874,95.083,70.591,16915.191,556.724,318.985,893.612,531.223,618.156,1195.599,14715.058,3.6350000000000002
2008-01-01,63.322,56.855,72.757,77.179,87.519,68.309,16843.003,571.436,316.727,885.403,540.83,566.675,1153.509,14706.538,2.1129508196721307
2008-04-01,63.94,57.481,71.881,77.335,83.555,67.823,16943.291,580.278,316.33,871.824,555.738,538.808,1137.729,14865.701,2.0659375
2008-07-01,63.195,56.453,69.622,75.892,79.316,65.535,16854.295,576.058,307.782,852.11,562.617,507.06,1095.819,14898.999,2.12640625
2008-10-01,62.747,52.655,61.521,71.472,71.596,60.711,16485.35,569.762,284.329,772.186,560.71,451.391,1007.986,14608.209,0.9891935483870967
2009-01-01,61.033,51.037,54.664,66.087,64.654,60.818,16298.262,550.136,270.577,683.537,512.642,404.473,1004.48,14430.902,0.5719672131147541
2009-04-01,62.563,51.067,52.502,64.077,60.679,60.376,16269.145,559.711,266.2,652.184,458.851,374.685,994.7,14381.236,0.5211111111111111
2009-07-01,63.204,53.518,53.834,63.704,63.498,63.309,16326.281,564.471,277.197,662.038,416.227,389.385,1035.104,14448.882,0.44796874999999997
2009-10-01,65.125,56.584,56.325,64.13,63.367,61.816,16502.754,583.096,288.471,683.287,381.079,391.472,1014.201,14651.249,0.3546774193548387
2010-01-01,64.026,59.28,60.307,64.587,61.323,62.572,16582.71,571.363,298.266,719.807,358.384,379.435,1021.085,14764.61,0.3645901639344262
2010-04-01,63.707,61.256,64.236,66.714,64.509,64.544,16743.162,569.998,305.269,763.672,371.635,396.341,1043.901,14980.193,0.37828125
2010-07-01,64.943,63.368,67.695,68.53,58.793,65.558,16872.266,578.778,312.194,804.497,369.114,361.234,1052.423,15141.607,0.26890625
2010-10-01,66.159,63.981,69.068,69.874,59.766,67.393,16960.864,592.54,314.326,820.133,378.767,369.289,1078.441,15309.474,0.2591935483870968
2011-01-01,66.832,62.789,70.778,69.795,59.563,67.983,16920.632,603.092,307.656,839.817,352.96,368.767,1087.927,15351.448,0.2720967741935484
2011-04-01,67.926,64.754,71.757,71.614,60.238,67.503,17035.114,615.066,314.052,854.272,382.382,374.296,1082.903,15557.539,0.20412698412698413
2011-07-01,69.303,66.072,76.073,74.982,61.324,68.102,17031.313,628.06,316.505,904.533,409.982,381.117,1090.755,15647.68,0.13343750000000001
2011-10-01,70.89,66.357,77.829,76.91,62.915,69.734,17222.583,640.716,315.026,926.474,430.17,391.162,1112.409,15842.259,0.1139344262295082
2012-01-01,71.037,70.159,80.253,78.887,66.721,71.439,17367.01,645.438,330.985,957.835,456.99,414.107,1138.093,16068.805,0.1564516129032258
2012-04-01,71.946,71.48,82.517,80.67,67.293,71.574,17444.525,653.729,333.584,984.355,474.629,419.287,1133.557,16207.115,0.188125
2012-07-01,72.085,70.165,82.276,80.404,69.021,72.502,17469.65,656.953,325.893,984.294,471.427,433.74,1141.673,16319.541,0.18190476190476193
2012-10-01,73.499,72.204,83.914,81.279,72.617,74.146,17489.852,666.645,334.479,1007.118,461.778,460.926,1163.561,16420.419,0.1722950819672131
2013-01-01,75.94,75.285,85.664,82.532,75.378,76.008,17662.4,685.536,346.48,1026.153,450.899,485.878,1189.742,16648.189,0.14983333333333335
2013-04-01,75.638,75.344,85.812,82.958,77.923,76.379,17709.671,684.351,342.3,1025.121,465.575,508.92,1187.617,16728.687,0.12796875
2013-07-01,77.216,76.343,86.041,84.484,79.335,77.076,17860.45,699.087,344.613,1026.188,490.149,524.946,1191.933,16953.838,0.1225
2013-10-01,77.948,77.606,89.564,86.512,78.075,77.866,18016.147,709.421,345.663,1063.537,500.793,526.407,1197.851,17192.019,0.1253225806451613
2014-01-01,78.711,78.218,90.467,87.911,77.74,79.17,17953.974,718.207,344.916,1072.304,526.986,535.27,1207.539,17197.738,0.12049180327868853
2014-04-01,80.71,81.281,92.907,90.429,80.291,82.126,18185.911,733.586,355.209,1101.386,553.476,554.134,1244.233,17518.508,0.10301587301587302
2014-07-01,82.455,81.248,95.801,92.385,81.51,83.55,18406.941,749.048,351.435,1134.139,562.954,572.535,1261.26,17804.228,0.109375
2014-10-01,84.327,83.515,95.331,93.192,84.432,85.164,18500.031,765.004,357.108,1128.514,578.38,594.197,1276.009,17912.079,0.15225806451612903
2015-01-01,83.819,84.371,96.333,93.236,86.096,86.792,18666.621,765.453,357.025,1139.214,570.471,609.87,1291.044,18063.529,0.22540983606557377
2015-04-01,84.279,86.054,96.742,93.884,88.394,88.542,18782.243,770.986,360.9,1141.608,573.201,629.311,1317.766,18279.784,0.2503125
2015-07-01,85.615,88.621,98.353,94.457,91.181,89.7,18857.418,782.181,365.773,1155.625,558.764,654.93,1326.9,18401.626,0.3478125
2015-10-01,87.93,89.878,97.281,94.039,92.602,90.279,18892.206,796.896,365.281,1139.957,538.195,669.31,1327.463,18435.137,0.467258064516129
2016-01-01,90.627,90.784,97.025,94.118,95.497,91.481,19001.69,814.945,364.557,1132.464,515.3,693.163,1338.655,18525.933,0.580983606557377
2016-04-01,92.904,91.155,96.021,94.921,95.795,92.257,19062.709,837.761,364.166,1116.87,528.923,704.254,1345.902,18711.702,0.56625
2016-07-01,94.774,92.641,95.916,96.351,95.536,94.621,19197.938,852.193,364.644,1112.963,548.923,712.569,1366.32,18892.639,0.559375
2016-10-01,95.83,94.482,96.39,97.125,96.774,96.106,19304.352,867.13,367.493,1116.828,557.199,730.983,1375.105,19089.379,0.7557377049180328
2017-01-01,97.921,95.814,97.02,98.096,99.039,96.878,19398.343,884.582,371.971,1126.307,561.944,753.643,1385.09,19280.084,0.8925806451612904
2017-04-01,98.614,99.487,98.866,99.199,99.594,98.112,19506.949,894.391,384.401,1147.226,568.007,767.212,1394.392,19438.643,1.1257142857142857
2017-07-01,100.737,100.64,100.515,100.156,99.668,100.638,19660.766,913.386,387.867,1165.64,559.471,776.428,1417.806,19692.595,1.2434920634920636
2017-10-01,102.728,104.059,103.6,102.549,101.698,104.372,19882.352,932.628,399.61,1200.639,568.109,798.28,1466.355,20037.088,1.5503225806451613
2018-01-01,104.917,107.04,105.433,105.418,99.773,105.722,20044.077,956.773,407.517,1220.546,600.403,800.265,1483.333,20328.553,1.9424590163934425
2018-04-01,107.901,107.428,105.615,106.612,100.456,106.332,20150.476,986.128,405.529,1222.023,606.246,819.613,1488.127,20580.912,2.2521875
2018-07-01,109.738,108.774,105.618,107.27,99.504,107.1,20276.154,1001.274,408.926,1227.106,610.357,819.662,1491.615,20798.73,2.46015873015873
2018-10-01,112.857,108.727,107.001,108.241,97.506,107.277,20304.874,1024.695,404.532,1240.806,601.99,808.027,1492.248,20917.867,2.6681967213114755
2019-01-01,114.036,110.628,107.593,108.971,96.407,106.321,20431.641,1040.352,409.105,1249.844,609.43,803.435,1482.601,21111.6,2.5396721311475408
2019-04-01,116.492,112.805,108.687,111.043,98.042,109.417,20602.275,1067.006,413.098,1263.133,636.826,820.007,1517.861,21397.938,2.258888888888889
2019-07-01,118.781,111.107,107.068,112.115,99.448,111.992,20843.322,1086.881,403.601,1241.745,668.613,838.245,1544.227,21717.171,1.845
2019-10-01,121.66,109.969,104.645,111.619,99.764,112.902,20985.448,1105.309,395.667,1208.882,663.124,846.813,1549.885,21933.217,1.5758064516129033
2020-01-01,123.573,105.267,99.411,109.656,102.591,108.393,20709.212,1126.159,377.519,1149.198,656.833,877.327,1484.685,21751.238,1.067741935483871
2020-04-01,120.371,108.322,87.924,100.751,95.477,108.102,19077.992,1109.837,387.054,1018.188,574.49,816.792,1467.16,19958.291,0.1742857142857143
2020-07-01,122.559,115.693,97.127,105.093,108.584,127.925,20558.879,1132.9,413.309,1121.038,562.639,950.812,1754.408,21704.437,0.13468750000000002
2020-10-01,125.659,118.741,101.252,108.055,116.246,128.793,20791.917,1175.929,422.868,1161.565,564.503,1037.253,1780.548,22087.16,0.11451612903225807
